{"cameraMode":{"drawMode":0,"name":"Shaded","section":"Shading Mode"},"sceneLighting":true,"audioPlay":false,"sceneViewState":{"showFog":true,"showMaterialUpdate":false,"showSkybox":true,"showFlares":true,"showImageEffects":true,"showParticleSystems":true},"in2DMode":false,"pivot":{"x":0.0,"y":0.3288062512874603,"z":0.03277377411723137},"rotation":{"x":-0.17467069625854493,"y":0.0510740801692009,"z":-0.00907374918460846,"w":-0.9832634925842285},"size":1.147283911705017,"orthographic":false}