{"cameraMode":{"drawMode":0,"name":"Shaded","section":"Shading Mode"},"sceneLighting":true,"audioPlay":false,"sceneViewState":{"showFog":true,"showMaterialUpdate":false,"showSkybox":true,"showFlares":true,"showImageEffects":true,"showParticleSystems":true},"in2DMode":false,"pivot":{"x":-0.296644389629364,"y":0.41647282242774966,"z":-0.8071419596672058},"rotation":{"x":-0.23079001903533936,"y":-0.19119317829608918,"z":0.04628719761967659,"w":-0.9529345631599426},"size":1.66328763961792,"orthographic":true}