{"cameraMode":{"drawMode":0,"name":"Shaded","section":"Shading Mode"},"sceneLighting":true,"audioPlay":false,"sceneViewState":{"showFog":true,"showMaterialUpdate":false,"showSkybox":true,"showFlares":true,"showImageEffects":true,"showParticleSystems":true},"in2DMode":false,"pivot":{"x":0.0,"y":0.3059999942779541,"z":-1.1150000095367432},"rotation":{"x":-0.021645119413733484,"y":-0.8370253443717957,"z":0.033161461353302,"w":-0.5457557439804077},"size":2.8578836917877199,"orthographic":false}